dphi_rad,dtheta_rad
0.0,0.0
0.049723756906077346,0.0
0.09944751381215469,0.0
0.14917127071823205,0.0
0.19889502762430938,0.0
0.0,0.046875
0.049723756906077346,0.046875
0.09944751381215469,0.046875
0.14917127071823205,0.046875
0.19889502762430938,0.046875
0.0,0.09375
