dphi_rad,dtheta_rad
0.0,0.0
0.0008678432744723185,0.0
0.001735686548944637,0.0
0.0026035298234169555,0.0
0.003471373097889274,0.0
0.0,0.0008181230868723419
0.0008678432744723185,0.0008181230868723419
0.001735686548944637,0.0008181230868723419
0.0026035298234169555,0.0008181230868723419
0.003471373097889274,0.0008181230868723419
0.0,0.0016362461737446838
